,A,T,G,C
CCT,3871.0,20686.0,7137.0,
GTT,1614.0,,1846.0,7381.0
TCC,5174.0,15982.0,5740.0,
CCC,6004.0,19248.0,6916.0,
GTC,2060.0,,1374.0,4979.0
TTC,1787.0,,2439.0,5507.0
TGG,18198.0,4774.0,,4698.0
AGT,13362.0,3449.0,,5111.0
ACT,3206.0,13412.0,5069.0,
AGC,13906.0,3702.0,,4801.0
CTG,3442.0,,5072.0,15195.0
GGG,19035.0,6418.0,,7040.0
GGC,16592.0,7364.0,,4635.0
TCT,4805.0,13193.0,8873.0,
TTT,3046.0,,5702.0,10561.0
TTA,2225.0,,2325.0,6908.0
TGT,19514.0,5265.0,,5232.0
GGA,15608.0,5294.0,,5836.0
ATT,2454.0,,2752.0,14985.0
GCC,6935.0,16805.0,4509.0,
ATA,2431.0,,1954.0,15871.0
ACA,4963.0,19868.0,5240.0,
CGT,20896.0,2497.0,,2057.0
AGA,13002.0,5142.0,,8940.0
ATC,3539.0,,1596.0,7039.0
CTC,2643.0,,3222.0,7788.0
TTG,1655.0,,3783.0,7093.0
TCG,1355.0,18502.0,1800.0,
ATG,3786.0,,3849.0,19556.0
GCA,5171.0,13783.0,3274.0,
CGG,28862.0,2875.0,,3498.0
GGT,14783.0,7846.0,,4052.0
TCA,3506.0,13281.0,4984.0,
AGG,20835.0,3901.0,,7157.0
ACC,7458.0,15261.0,4102.0,
TGA,13088.0,3509.0,,4922.0
GCG,3009.0,23125.0,1635.0,
GTG,2736.0,,4125.0,10249.0
TGC,13409.0,5413.0,,3363.0
CTT,1826.0,,3206.0,8431.0
CCA,4421.0,18553.0,4686.0,
GTA,1136.0,,1173.0,6367.0
GCT,3513.0,13890.0,4684.0,
CGA,17655.0,1732.0,,2207.0
ACG,1951.0,21818.0,1694.0,
CGC,22060.0,3757.0,,1793.0
CCG,2226.0,29689.0,2809.0,
CTA,1230.0,,1315.0,6466.0
TAT,,2554.0,16007.0,1787.0
AAG,,1883.0,8543.0,3175.0
TAA,,2354.0,7229.0,2292.0
CAT,,4081.0,19548.0,3681.0
AAA,,3111.0,10840.0,5805.0
AAC,,1655.0,7398.0,1853.0
GAG,,2798.0,7949.0,3069.0
GAT,,3519.0,7045.0,1447.0
GAA,,1707.0,5549.0,2527.0
AAT,,2674.0,15269.0,2520.0
TAC,,1181.0,6200.0,1115.0
CAG,,3498.0,15459.0,4865.0
CAC,,2867.0,10117.0,3981.0
GAC,,2140.0,4867.0,1409.0
TAG,,1290.0,6337.0,1302.0
CAA,,1712.0,7300.0,3725.0
