,CA,CT,CG,AG,AT,AC
AGG,7772.0,41521.0,14294.0,,,
GGA,10468.0,31590.0,11576.0,,,
CCC,12422.0,38283.0,13956.0,,,
CCA,9195.0,36751.0,9384.0,,,
ACT,6655.0,26774.0,10180.0,,,
AGC,7215.0,27796.0,9485.0,,,
GCC,14299.0,33397.0,9144.0,,,
AGA,9947.0,26195.0,17813.0,,,
ACA,10228.0,39382.0,10472.0,,,
ACG,4448.0,42714.0,3751.0,,,
CGA,3087.0,36157.0,4007.0,,,
GCA,10584.0,27192.0,6637.0,,,
CCG,5101.0,58551.0,6307.0,,,
ACC,15304.0,30044.0,8154.0,,,
TCA,7015.0,26369.0,9906.0,,,
CGC,6766.0,45185.0,3428.0,,,
AAC,,,,14779.0,3269.0,3699.0
GAC,,,,9846.0,4200.0,2783.0
GAA,,,,11056.0,3494.0,4966.0
ATA,,,,31878.0,4985.0,3741.0
AAG,,,,16974.0,3709.0,6381.0
TAA,,,,14137.0,4579.0,4617.0
CAG,,,,30654.0,6940.0,9937.0
AAA,,,,21401.0,6157.0,11507.0
ATG,,,,39104.0,7867.0,7530.0
AAT,,,,30254.0,5128.0,5272.0
CTC,,,,15737.0,5441.0,6291.0
ATC,,,,14084.0,7058.0,3043.0
CAA,,,,14393.0,3367.0,7508.0
GTA,,,,12567.0,2317.0,2288.0
CAC,,,,20366.0,5603.0,8106.0
CTA,,,,12803.0,2520.0,2617.0
