,0
GAT,420264
ATC,422103
TCT,716050
CTG,907322
TGA,643450
ATA,449297
TAA,484072
AAG,615955
AGT,513052
GTC,382275
TCC,646549
CCC,707974
CCA,802229
CAG,910990
AGG,793605
GGA,646898
GAC,382951
ACT,513451
CTT,610395
TTC,581706
TCA,645373
AGA,720254
GAA,585774
GAG,736191
AGC,601159
GCT,597896
TGT,648875
GTG,645867
ACC,488865
CCT,792324
TTG,570952
TGG,799132
GGC,640472
GCC,641196
CAA,577073
CAC,647863
CTC,736489
AAC,435831
ACA,654107
CAT,557644
ATT,591208
TGC,589385
GCA,591861
GGG,707274
CTA,365515
TCG,114602
CGG,182203
GGT,487570
GTA,316796
TAT,446268
ATG,556701
ACG,127183
AAT,595133
TTT,1005599
TTA,480629
AAA,1016863
GTT,431687
CGT,127126
TAG,364935
CGC,154191
CCG,182059
TAC,316962
CGA,114576
GCG,154253
